Path_ID,Path_Info
1,\\s2.ms.unilever.com\dfs\ES-GROUPS\cor\frd\UFO-General\INTERFACE\S1P\
2,\\s2.ms.unilever.com\dfs\ES-GROUPS\cor\frd\UFO-General\INTERFACE\P1P\
3,\\s2.ms.unilever.com\dfs\ES-GROUPS\cor\frd\SCFS1\3Informatn\15. PROJECT\4.BPQ_Robot\Source_RPM\source_rpm\input\
4,''
5,''
6,''
7,''
8,''
9,\\s2.ms.unilever.com\dfs\ES-GROUPS\cor\frd\SCFS1\3Informatn\15. PROJECT\2. DRIVERLESS LA\3. COST REPORTS\
10,\\s2.ms.unilever.com\dfs\ES-GROUPS\cor\frd\SCFS1\3Informatn\15. PROJECT\2. DRIVERLESS LA\2. WASTE REPORTS\
11,\\s2.ms.unilever.com\dfs\ES-GROUPS\cor\frd\SCFS1\3Informatn\15. PROJECT\2. DRIVERLESS LA\1. VOLUME REPORTS\
12,\\S2.ms.unilever.com\dfs\ES-GROUPS\cor\frd\SCFS1\2SCAOps\02. Product Costing\02. BPQ\02. UASCC\PMC Original\
13,\\S2.ms.unilever.com\dfs\ES-GROUPS\cor\frd\SCFS1\2SCAOps\02. Product Costing\02. BPQ\01. USCC\General\PMC Original\DoNotTouch\
14,\\S2.ms.unilever.com\dfs\ES-GROUPS\cor\frd\SCFS1\2SCAOps\02. Product Costing\02. BPQ\01. USCC\General\PMC Original\
15,\\s2.ms.unilever.com\dfs\ES-GROUPS\cor\frd\SCFS1\2SCAOps\02. Product Costing\01. NPD\02. UASCC\21. MISSING INPUT\DoNotTouch\
16,\\s2.ms.unilever.com\dfs\ES-GROUPS\cor\frd\SCFS1\2SCAOps\02. Product Costing\01. NPD\02. UASCC\21. MISSING INPUT\
17,\\s2.ms.unilever.com\dfs\ES-GROUPS\cor\frd\SCFS1\2SCAOps\02. Product Costing\01. NPD\01. USCC\18. MISSING INPUT\
18,\\S2.ms.unilever.com\dfs\ES-GROUPS\cor\frd\SCFS1\2SCAOps\02. Product Costing\01. NPD\01. USCC\17. DAILY FILES - ROBOT\2. INPUT\DoNotTouch\
19,\\s2.ms.unilever.com\dfs\ES-GROUPS\cor\frd\SCFS1\2SCAOps\02. Product Costing\01. NPD\01. USCC\17. DAILY FILES - ROBOT\2. INPUT\
20,''
21,\\s2.ms.unilever.com\dfs\ES-GROUPS\cor\frd\UFO-General\SCFS_PP\TM1\Input\
22,\\S2.ms.unilever.com\dfs\ES-GROUPS\cor\frd\SCFS1\3Informatn\Copernicus\
23,\\S2.ms.unilever.com\dfs\ES-GROUPS\cor\frd\SCFS1\3Informatn\15. PROJECT\6.FCST\fcst2\inputs\
24,\\S2.ms.unilever.com\dfs\ES-GROUPS\cor\frd\SCFS1\3Informatn\15. PROJECT\9.PPV\ppv_eur\input\
25,\\s2.ms.unilever.com\dfs\ES-GROUPS\cor\frd\UFO-General\PPV\Import\ppv_csv_data\
26,\\s2.ms.unilever.com\dfs\ES-GROUPS\cor\frd\UFO-General\TP_Analytics\import\tp_csv_data\
27,\\S2.ms.unilever.com\dfs\ES-GROUPS\cor\frd\SCFS1\3Informatn\15. PROJECT\7.LOCAL_TAX_EUR\declarations\BE_Beverage_tax\inputs\
28,\\S2.ms.unilever.com\dfs\ES-GROUPS\cor\frd\SCFS1\3Informatn\15. PROJECT\8.MAKE_ANALYTICS_EUR\TRACE_AUTOMATION\inputs\
29,\\S2.ms.unilever.com\dfs\ES-GROUPS\cor\frd\SCFS1\3Informatn\15. PROJECT\11.PMC_EUR\BPQ_PMC_EUR\inputs
30,\\S2.ms.unilever.com\dfs\ES-GROUPS\cor\frd\SCFS1\3Informatn\15. PROJECT\8.MAKE_ANALYTICS_EUR\COSTING_SIMULATION\inputs
31,\\S2.ms.unilever.com\dfs\ES-GROUPS\cor\frd\SCFS1\3Informatn\15. PROJECT\1. Innovation Costing\Innovation Costing\inputs
32,\\S2.ms.unilever.com\dfs\ES-GROUPS\cor\frd\SCFS1\3Informatn\15. PROJECT\5. MI_EUR\cmir_poc\inputs
33,\\S2.ms.unilever.com\dfs\ES-GROUPS\cor\frd\SCFS1\3Informatn\15. PROJECT\16.BusinessModelControlTeam\DirectSales2\inputs
34,\\s2.ms.unilever.com\dfs\ES-GROUPS\cor\frd\UFO-General\INTERFACE\R1P\
35,''
36,\\S2.ms.unilever.com\dfs\ES-GROUPS\cor\frd\SCFS1\3Informatn\15. PROJECT\18.FET_NA
37,\\s2.ms.unilever.com\dfs\ES-GROUPS\cor\frd\UFO-General\INTERFACE\HP1\
38,\\s2.ms.unilever.com\dfs\ES-GROUPS\cor\frd\UFO-General\EU_Primary_Tracker\
39,\\s2.ms.unilever.com\dfs\ES-GROUPS\cor\frd\UFO-General\AMS_TWC\
40,\\s2.ms.unilever.com\dfs\ES-GROUPS\cor\frd\UFO-General\Driverless AMS\NA\FCST\
41,\\s2.ms.unilever.com\dfs\ES-GROUPS\cor\frd\UFO-General\Driverless AMS\NA\BU Split\
