Process_ID,Process_Name,Project_ID,Project_Name
1-4,EUR_BPQ_PMC_1-4,1,EUR_BPQ_PMC
1-6,EUR_BPQ_PMC_1-6,1,EUR_BPQ_PMC
2-1,AMS_BPQ_PMC_1-1,2,AMS_BPQ_PMC_2-1
2-2,AMS_BPQ_PMC_2-2,2,AMS_BPQ_PMC_2-2
3-1,AMS_MI,3,AMS_MI
3-2,CMIR_3-2,3,CMIR_AMS
4-2,CMIR_4-2,4,CMIR_EUR
4-3,CMIR_4-3,4,CMIR_EUR
4-4,CMIR_4-4,4,CMIR_EUR
5-1,AMS_LA_NSR_Volume,5,AMS_LA_NSR
5-1-1,AMS_NSAMAT,5,AMS_LA_NSR
5-2-10,AMS_LA_NSR_Waste_PREV,5,AMS_LA_NSR
5-2-11,AMS_LA_NSR_Waste_CUR,5,AMS_LA_NSR
5-2-1,AMS_Waste_LA_PD_PREV,5,AMS_LA_NSR
5-2-2,AMS_Waste_LA_SA_PREV,5,AMS_LA_NSR
5-2-6,AMS_Waste_LA_SA_CUR,5,AMS_LA_NSR
5-2-3,AMS_Waste_LA_PD_CUR,5,AMS_LA_NSR
5-2-4,AMS_Waste_NA_PD_PREV,5,AMS_NA_WASTE_PD_PREV
5-2-5,AMS_Waste_NA_PD_CUR,5,AMS_NA_WASTE_PD_CUR
5-2-7,AMS_Waste_NA_SA_PREV,5,AMS_Waste_NA_SA_PREV
5-2-8,AMS_Waste_NA_SA_CUR,5,AMS_Waste_NA_SA_CUR
5-3-3,AMS_LA_SLAR_Cost_PREV,5,AMS_LA_NSR
5-3-4,AMS_LA_SLAR_Cost_CUR,5,AMS_LA_NSR
5-3-1,AMS_KSB1_PREV,5,AMS_LA_NSR
5-3-2,AMS_KSB1_CUR,5,AMS_LA_NSR
5-3-5,AMS_KSB1_NA_PREV,5,AMS_NA_KSB1
5-3-6,AMS_KSB1_NA_CUR,5,AMS_NA_KSB1
5-3-7,AMS_KSB2,5,AMS_KSB2
5-4-6,AMS_NA_NSATOC2_CUR,5,AMS_NA_Volume
5-4-7,AMS_NA_NSATOC2_PREV,5,AMS_NA_Volume
5-5-1,AMS_NA_MATERIAL_TP,5,AMS_NA_MATERIAL_TP
5-5-2,AMS_NA_Z2MATWASTE_CUR,5,AMS_NA_Z2MATWASTE_CUR
5-5-3,AMS_NA_Z2MATWASTE_PREV,5,AMS_NA_Z2MATWASTE_PREV
5-5-4,AMS_NA_Material_SKU,5,AMS_NA_Material_SKU
5-5-5,AMS_NA_KSBPALLET_CUR,5,AMS_NA_KSBPALLET_CUR
5-5-6,AMS_NA_KSBPALLET_PREV,5,AMS_NA_KSBPALLET_PREV
5-5-7,AMS_NA_COOIS,5,AMS_NA_COOIS
5-5-8,AMS_NA_SLAR_CUR,5,AMS_NA_SLAR_CUR
5-5-9,AMS_NA_SLAR_PREV,5,AMS_NA_SLAR_PREV
5-5-10,AMS_NA_S022,5,AMS_NA_S022
5-5-11,AMS_NA_FCST,5,AMS_NA_FCST
5-5-12,AMS_NA_BALANCE,5,AMS_NA_BALANCE
5-5-13,AMS_NA_BU_SPLIT,5,AMS_NA_BU_SPLIT
6-1,FCST_CT_2_A471,6,Copernicus
6-2,FCST_CT_2_non_mandatory,6,Copernicus
6-2-1,FCST_CT_2_RestCsv,6,Copernicus
6-2-2,FCST_CT_2_Vanguards,6,Copernicus
6-3,cop_history_files,6,Copernicus
6-4-1,Cop3_sap_ct, 6, Copernicus
6-4-5,Cop3_sap_ct, 6, Copernicus
6-4-2,Cop3_csv, 6, Copernicus
6-4-3,Cop3_sap_vanguard, 6, Copernicus
6-4-4,Cop3_sap_ct_history, 6, Copernicus
9-1,NPD_Process,9,NPD
9-2,NPD_Process,9,NPD
11-1,TM1_IN,11,TM1_IN
200-1,AMS_CKM3,200,AMS_CKM3
200-2,AMS_MARM,200,AMS_MARM
200-3,AMS_FULL_APH,200,AMS_FULL_APH
201-1,AMS_STANDARD_PRICES_201-1,201,AMS_STANDARD_PRICES
201-2,AMS_STANDARD_PRICES_201-2,201,AMS_STANDARD_PRICES
300-1,Country_Import_export,300,EUR_TAX_CUSTM
30000-3,LOCL_TAX_EUR_3,30000,LOCL_TAX_EUR
30000-4,LOCL_TAX_EUR_4,30000,LOCL_TAX_EUR
50000-1,BPQ_ROBOT_RPM,50000,BPQ_Robot
202-1,BPQ_TBOM_AMS,202,BPQ_TBOM_AMS
203-1,SOURCE_CKMLCP_AMS,203,SOURCE_CKMLCP_AMS
90-2,PPV_REGION,90,PPV
91-1,TP_AAR_PBI,91,TP_AAR_PBI
92-1,PPV_FBL3N_AMS_CM,92,PPV_FBL3N_AMS_CM
92-2,PPV_FBL3N_AMS_PM,92,PPV_FBL3N_AMS_PM
92-3,P1P_PO_DETAILS_CM,92,P1P_PO_DETAILS_CM
92-4,P1P_PO_DETAILS_PM,92,P1P_PO_DETAILS_PM
92-5,P1P_CONTRACT_DETAILS,92,P1P_CONTRACT_DETAILS
92-6,P1P_MBEWH_DATA,92,P1P_MBEWH_DATA
92-7,P1P_MAKT_DATA,92,P1P_MAKT_DATA
92-8,P1P_MARA_DATA,92,P1P_MARA_DATA
92-9,P1P_LFA1_DATA,92,P1P_LFA1_DATA
92-10,P1P_MBEW_DATA,92,P1P_MBEW_DATA
93-1,SR_FBL3N_AMS,93,SR_FBL3N_AMS
94-1,PPV_FBL3N_S1P_CM,94,PPV_FBL3N_S1P_CM
94-2,PPV_FBL3N_S1P_PM,94,PPV_FBL3N_S1P_PM
95-1,S1P_GENERAL_DATA,95,S1P_GENERAL_DATA
95-2,S1P_MAKT_DATA,95,S1P_MAKT_DATA
95-3,S1P_MBEW_DATA,95,S1P_MBEW_DATA
95-4,S1P_MBEWH_DATA,95,S1P_MBEWH_DATA
95-5,S1P_MARA_DATA,95,S1P_MARA_DATA
95-6,S1P_LFA1_DATA,95,S1P_LFA1_DATA
96-1,S1P_PO_DETAILS_CM,96,S1P_PO_DETAILS_CM
96-2,S1P_PO_DETAILS_PM,96,S1P_PO_DETAILS_PM
96-3,S1P_CONTRACT_DETAILS,96,S1P_CONTRACT_DETAILS
97-1,PPV_FBL3N_R1P_CM,97,PPV_FBL3N_R1P_CM
97-2,PPV_FBL3N_R1P_PM,97,PPV_FBL3N_R1P_PM
98-1,R1P_GENERAL_DATA,98,R1P_GENERAL_DATA
98-2,R1P_MAKT_DATA,98,R1P_MAKT_DATA
98-3,R1P_MBEW_DATA,98,R1P_MBEW_DATA
98-4,R1P_MBEWH_DATA,98,R1P_MBEWH_DATA
98-5,R1P_MARA_DATA,98,R1P_MARA_DATA
98-6,R1P_LFA1_DATA,98,R1P_LFA1_DATA
99-1,R1P_PO_DETAILS_PM,99,R1P_PO_DETAILS_PM_1
99-2,R1P_PO_DETAILS_PM,99,R1P_PO_DETAILS_PM_2
99-3,R1P_PO_DETAILS_PM,99,R1P_PO_DETAILS_PM_3
99-4,R1P_PO_DETAILS_PM,99,R1P_PO_DETAILS_PM_4
99-5,R1P_PO_DETAILS_PM,99,R1P_PO_DETAILS_PM_5
99-6,R1P_PO_DETAILS_PM,99,R1P_PO_DETAILS_PM_6
99-7,R1P_PO_DETAILS_PM,99,R1P_PO_DETAILS_PM_7
99-8,R1P_PO_DETAILS_PM,99,R1P_PO_DETAILS_PM_8
99-9,R1P_PO_DETAILS_PM,99,R1P_PO_DETAILS_PM_9
99-10,R1P_PO_DETAILS_PM,99,R1P_PO_DETAILS_PM_10
99-11,R1P_PO_DETAILS_CM,99,R1P_PO_DETAILS_CM_1
99-12,R1P_PO_DETAILS_CM,99,R1P_PO_DETAILS_CM_2
99-13,R1P_PO_DETAILS_CM,99,R1P_PO_DETAILS_CM_3
99-14,R1P_PO_DETAILS_CM,99,R1P_PO_DETAILS_CM_4
99-15,R1P_PO_DETAILS_CM,99,R1P_PO_DETAILS_CM_5
99-16,R1P_PO_DETAILS_CM,99,R1P_PO_DETAILS_CM_6
99-17,R1P_PO_DETAILS_CM,99,R1P_PO_DETAILS_CM_7
99-18,R1P_PO_DETAILS_CM,99,R1P_PO_DETAILS_CM_8
99-19,R1P_PO_DETAILS_CM,99,R1P_PO_DETAILS_CM_9
99-20,R1P_PO_DETAILS_CM,99,R1P_PO_DETAILS_CM_10
99-21,R1P_CONTRACT_DETAILS,99,R1P_CONTRACT_DETAILS
7000-1,MAKE_SU_COSTING_EUR-1,7000,MAKE_SU_COSTING_EUR
7100-1,MAKE_TRACE_EUR_7100-1,7100,MAKE_TRACE_EUR
7100-2,MAKE_TRACE_EUR_7100-2,7100,MAKE_TRACE_EUR
710000-1,cost_simulation_EUR_710000-1,710000,Make_CS_EUR
710000-2,cost_simulation_EUR_710000-2,710000,Make_CS_EUR
710000-3,cost_simulation_EUR_710000-3,710000,Make_CS_EUR
400-1,innovation_costing_400-1,400,Innovation_Costing
16-1,dstool2_16-1,16,DSTool2
16-2,dstool2_16-2,16,DSTool2
100-1,material_reporting_100-1,100,Material_Reporting
22-1,Balance Sheet_UFO-SURf.,22,Kratos_S1P_Files
22-2,Balance Sheet_UFO-SURf0,22,Kratos_S1P_Files
22-3,Balance Sheet_UFO-SURFBL1N,22,Kratos_S1P_Files
22-4,Balance Sheet_UFO-SURFBL3N,22,Kratos_S1P_Files
22-5,Balance Sheet_UFO-SURFBL5N,22,Kratos_S1P_Files
22-6,Balance Sheet_UFO-SURSTART,22,Kratos_S1P_Files
22-7,Capex_UFO-SURANEKPV,22,Kratos_S1P_Files
22-8,Capex_UFO-SURANLA,22,Kratos_S1P_Files
22-9,Capex_UFO-SURAR01,22,Kratos_S1P_Files
22-10,Capex_UFO-SURBPEG,22,Kratos_S1P_Files
22-11,Capex_UFO-SURCOAS,22,Kratos_S1P_Files
22-12,Capex_UFO-SUREKBE,22,Kratos_S1P_Files
22-13,Capex_UFO-SUREKKO,22,Kratos_S1P_Files
22-14,Capex_UFO-SURKOB1,22,Kratos_S1P_Files
22-15,Capex_UFO-SURKOB2,22,Kratos_S1P_Files
22-16,Capex_UFO-SURSALR,22,Kratos_S1P_Files
22-17,Cost_UFO_KSB1_CUR,22,Kratos_S1P_Files
22-18,Cost_UFO_KSB1_PREV,22,Kratos_S1P_Files
22-19,Cost_UFO_KSB2_CUR,22,Kratos_S1P_Files
22-20,Month End_UFO_MEF,22,Kratos_S1P_Files
22-21,Month End_UFO-SURCC,22,Kratos_S1P_Files
22-22,Price Detail_UFO-SURMAT,22,Kratos_S1P_Files
22-23,Price Detail_UFO-SURZG_DI,22,Kratos_S1P_Files
22-24,Price Detail_UFO-SURZG_TP,22,Kratos_S1P_Files
22-25,Volume_UFO-SURCOOIS,22,Kratos_S1P_Files
22-26,Volume_UFO-SURS022,22,Kratos_S1P_Files
22-27,Volume_UFO-SURSKU,22,Kratos_S1P_Files
22-28,Volume_UFO-SURSTO,22,Kratos_S1P_Files
22-29,Waste_UFO-SUROR,22,Kratos_S1P_Files
22-30,Waste_UFO-SURPC,22,Kratos_S1P_Files
23-1,NPD_Files_23-1,23,NPD_S1P_Files
7-1,TPIT_7-1,7,TPIP_Files
7-2,TPIT_7-2,7,TPIT_Files
7-3,TPIT_7-3,7,TPIT_Files
7-4,TPIT_7-4,7,TPIT_Files
28-1,NPI_Repack_28-1,28,NPI_Repack_Files
29-1,FET_NA_29-1,29,FET_NA_Files
29-2,FET_NA_29-2,29,FET_NA_Files
30-1,Copernicus_User_Import_30-1,30,Copernicus
101-1,PPV_FBL3N_HP1_CM,101,PPV_FBL3N_HP1_CM
101-2,PPV_FBL3N_HP1_PM,101,PPV_FBL3N_HP1_PM
102-1,HP1_GENERAL_DATA,102,HP1_GENERAL_DATA
102-2,HP1_MAKT_DATA,102,HP1_MAKT_DATA
102-3,HP1_MBEW_DATA,102,HP1_MBEW_DATA
102-4,HP1_MBEWH_DATA,102,HP1_MBEWH_DATA
102-5,HP1_MARA_DATA,102,HP1_MARA_DATA
102-6,HP1_LFA1_DATA,102,HP1_LFA1_DATA
103-1,HP1_PO_DETAILS_CM,103,HP1_PO_DETAILS_CM_1
103-2,HP1_PO_DETAILS_CM,103,HP1_PO_DETAILS_CM_2
103-3,HP1_PO_DETAILS_CM,103,HP1_PO_DETAILS_CM_3
103-4,HP1_PO_DETAILS_CM,103,HP1_PO_DETAILS_CM_4
103-5,HP1_PO_DETAILS_CM,103,HP1_PO_DETAILS_CM_5
103-6,HP1_PO_DETAILS_CM,103,HP1_PO_DETAILS_CM_6
103-7,HP1_PO_DETAILS_CM,103,HP1_PO_DETAILS_CM_7
103-8,HP1_PO_DETAILS_CM,103,HP1_PO_DETAILS_CM_8
103-9,HP1_PO_DETAILS_CM,103,HP1_PO_DETAILS_CM_9
103-10,HP1_PO_DETAILS_CM,103,HP1_PO_DETAILS_CM_10
103-11,HP1_PO_DETAILS_CM,103,HP1_PO_DETAILS_CM_11
103-12,HP1_PO_DETAILS_PM,103,HP1_PO_DETAILS_PM_1
103-13,HP1_PO_DETAILS_PM,103,HP1_PO_DETAILS_PM_2
103-14,HP1_PO_DETAILS_PM,103,HP1_PO_DETAILS_PM_3
103-15,HP1_PO_DETAILS_PM,103,HP1_PO_DETAILS_PM_4
103-16,HP1_PO_DETAILS_PM,103,HP1_PO_DETAILS_PM_5
103-17,HP1_PO_DETAILS_PM,103,HP1_PO_DETAILS_PM_6
103-18,HP1_PO_DETAILS_PM,103,HP1_PO_DETAILS_PM_7
103-19,HP1_PO_DETAILS_PM,103,HP1_PO_DETAILS_PM_8
103-20,HP1_PO_DETAILS_PM,103,HP1_PO_DETAILS_PM_9
103-21,HP1_PO_DETAILS_PM,103,HP1_PO_DETAILS_PM_10
103-22,HP1_PO_DETAILS_PM,103,HP1_PO_DETAILS_PM_11
103-23,HP1_CONTRACT_DETAILS,103,HP1_CONTRACT_DETAILS
110-1,AMS_TWC_KSB1,110,AMS_TWC_KSB1
110-2,AMS_TWC_CAPEX,110,AMS_TWC_CAPEX
110-3,AMS_TWC_ALL_MARLIN_DB,110,AMS_TWC_ALL_MARLIN_DB
110-4,AMS_TWC_MARLIN,110,AMS_TWC_MARLIN
110-5,AMS_TWC_CAPTIAN_AMERICA,110,AMS_TWC_CAPTIAN_AMERICA
110-6,AMS_TWC_VICTORY,110,AMS_TWC_VICTORY
111-1,AMS_PRIM_TRACKER_FB,111,AMS_PRIM_TRACKER_FB
111-2,AMS_PRIM_TRACKER_ACC,111,AMS_PRIM_TRACKER_ACC
111-3,AMS_PRIM_TRACKER_SEG,111,AMS_PRIM_TRACKER_SEG
33-1,Material_Ledger,33,Material_Ledger
34-1,DepForecast_34-1,34,DepForecast
400-2,innovation_costing_400-2,400,Innovation_Costing
31-1,Weightedavg_31-1,31,Weighted_average
42-1,Jenkins_Builds_42-1,42,Jenkins_Builds
42-2,Jenkins_Builds_42-2,42,Jenkins_Builds
28-2,NPI_28-2,28,NPI
4-5,BenchMark_4-5,4,BenchMark
38-1,Source_Matrix_38-1,38,Source_Matrix
39-1,UEBVTB39-1,39,UEBVTB